round,accuracy,loss
1,0.1944,146.70684860839845
2,0.0988,139.5557176269531
3,0.3742,1.9048556140899657
4,0.0977,393.17656650390626
5,0.098,
6,0.098,
7,0.098,
8,0.098,
9,0.098,
10,0.098,
11,0.098,
12,0.098,
13,0.098,
14,0.098,
15,0.098,
