round,accuracy,loss
1,0.2928,2.253591788864136
2,0.5703,1.4196012596130372
3,0.8025,0.6860370506763458
4,0.8783,0.3827462392091751
5,0.8632,0.3745946202278137
6,0.9324,0.224110696798563
7,0.9475,0.1796433268904686
8,0.9452,0.16492523135244846
9,0.9491,0.156898965844512
10,0.9487,0.15246407968103887
11,0.9629,0.1254934899225831
12,0.9576,0.1358321402400732
13,0.9561,0.13430800451934338
14,0.96,0.1291698076553643
15,0.9701,0.09408982415720821
