round,accuracy,loss
1,0.3397,2.0754750310897827
2,0.572,1.1906804964065552
3,0.8503,0.5536118247032166
4,0.9012,0.3434013290643692
5,0.9168,0.28291448256969454
6,0.9105,0.27696353027820586
7,0.9394,0.2047123155593872
8,0.9404,0.1953925969839096
9,0.9453,0.17335014259815215
10,0.9471,0.18042752455472946
11,0.9496,0.16472998975217343
12,0.935,0.20008679586052894
13,0.9557,0.13632390942275524
14,0.9627,0.11745122486054897
15,0.951,0.1548577350705862
