{
    "10.0": {
        "fedavg": {
            "accuracy_mean": 0.9796,
            "accuracy_std": 0.0,
            "loss_mean": 0.0648650844257325,
            "loss_std": 0.0
        },
        "fedprox": {
            "accuracy_mean": 0.9791,
            "accuracy_std": 0.0,
            "loss_mean": 0.06593397833965718,
            "loss_std": 0.0
        },
        "feddive": {
            "accuracy_mean": 0.9771,
            "accuracy_std": 0.0,
            "loss_mean": 0.06779459072649478,
            "loss_std": 0.0
        }
    },
    "1.0": {
        "fedavg": {
            "accuracy_mean": 0.975,
            "accuracy_std": 0.0,
            "loss_mean": 0.07535108798220753,
            "loss_std": 0.0
        },
        "fedprox": {
            "accuracy_mean": 0.9737,
            "accuracy_std": 0.0,
            "loss_mean": 0.08208290396146477,
            "loss_std": 0.0
        },
        "feddive": {
            "accuracy_mean": 0.9738,
            "accuracy_std": 0.0,
            "loss_mean": 0.0819848159942776,
            "loss_std": 0.0
        }
    },
    "0.5": {
        "fedavg": {
            "accuracy_mean": 0.9688,
            "accuracy_std": 0.0,
            "loss_mean": 0.09834483284801245,
            "loss_std": 0.0
        },
        "fedprox": {
            "accuracy_mean": 0.9615,
            "accuracy_std": 0.0,
            "loss_mean": 0.11269650990068912,
            "loss_std": 0.0
        },
        "feddive": {
            "accuracy_mean": 0.9597,
            "accuracy_std": 0.0,
            "loss_mean": 0.11103289549499751,
            "loss_std": 0.0
        }
    },
    "0.1": {
        "fedavg": {
            "accuracy_mean": 0.7962,
            "accuracy_std": 0.0,
            "loss_mean": 0.5212364699840546,
            "loss_std": 0.0
        },
        "fedprox": {
            "accuracy_mean": 0.7964,
            "accuracy_std": 0.0,
            "loss_mean": 0.5301597739458084,
            "loss_std": 0.0
        },
        "feddive": {
            "accuracy_mean": 0.885,
            "accuracy_std": 0.0,
            "loss_mean": 0.3205602001428604,
            "loss_std": 0.0
        }
    }
}