{
    "fedavg": {
        "accuracy_mean": 0.9792,
        "accuracy_std": 0.0,
        "loss_mean": 0.06282663648054004,
        "loss_std": 0.0
    },
    "feddive": {
        "accuracy_mean": 0.9778,
        "accuracy_std": 0.0,
        "loss_mean": 0.06947231394723058,
        "loss_std": 0.0
    }
}